{
    "appConfig": {
        "name": "up",
        "version": "0.0.1",
        "company": "tyzt",
        "organization": "yxqh",
        "department": "shtyzx",
        "advertising": {
            "name": "欢迎页",
            "url": "https://ss1.bdstatic.com/70cFvXSh_Q1YnxGkpoWK1HF6hhy/it/u=2444296791,1030007830&fm=26&gp=0.jpg",
            "show": false,
            "showTime": 3000
        }
    },
    "h5": {
        "app1": {
            "url": "http://shwt.pec.com.cn:8086/liulijun/linedemo1.zip",
            "path": ""
        },
        "app2": {
            "url": "http://shwt.pec.com.cn:8086/liulijun/linedemo2.zip"
        }
    }
}